target,name,feature_type,diameter_km,center_lat_deg,center_lon_deg,north_lat_deg,south_lat_deg,east_lon_deg,west_lon_deg,coordinate_system
Moon,Lacus Aestatis,"Lacus, lacūs",86.39,-14.8300,-68.5700,-13.4200,-16.2400,-67.8600,-69.3900,"Planetographic, +East, -180 - 180"
Moon,Lacus Autumni,"Lacus, lacūs",195.65,-11.8100,-83.1700,-9.1800,-14.5700,-80.5700,-85.3500,"Planetographic, +East, -180 - 180"
Moon,Lacus Bonitatis,"Lacus, lacūs",122.10,23.1800,44.3200,24.9700,21.2300,46.2000,42.6900,"Planetographic, +East, -180 - 180"
Moon,Lacus Doloris,"Lacus, lacūs",102.90,16.8000,8.6100,18.4000,15.4300,10.5600,7.0000,"Planetographic, +East, -180 - 180"
Moon,Lacus Excellentiae,"Lacus, lacūs",197.74,-35.6500,-43.5800,-32.4600,-38.7600,-40.3800,-46.1300,"Planetographic, +East, -180 - 180"
Moon,Lacus Felicitatis,"Lacus, lacūs",98.48,18.5200,5.3600,19.5600,17.6600,7.0500,3.6700,"Planetographic, +East, -180 - 180"
Moon,Lacus Gaudii,"Lacus, lacūs",88.54,16.3300,12.2700,17.0200,15.2500,13.7400,10.7500,"Planetographic, +East, -180 - 180"
Moon,Lacus Hiemalis,"Lacus, lacūs",48.04,15.0100,13.9700,15.9300,14.3500,14.7300,13.0900,"Planetographic, +East, -180 - 180"
Moon,Lacus Lenitatis,"Lacus, lacūs",78.25,14.3200,12.0500,15.3300,12.9200,13.2500,10.8600,"Planetographic, +East, -180 - 180"
Moon,Lacus Luxuriae,"Lacus, lacūs",50.61,19.4100,175.5000,20.0900,17.8900,176.4600,174.7500,"Planetographic, +East, -180 - 180"
Moon,Lacus Mortis,"Lacus, lacūs",158.78,45.1300,27.3200,47.7500,42.5000,31.0300,23.6100,"Planetographic, +East, -180 - 180"
Moon,Lacus Oblivionis,"Lacus, lacūs",49.01,-20.3900,-168.5200,-19.9200,-21.0400,-167.9600,-169.2100,"Planetographic, +East, -180 - 180"
Moon,Lacus Odii,"Lacus, lacūs",72.68,19.2200,7.2700,19.9600,18.7700,8.4300,6.1800,"Planetographic, +East, -180 - 180"
Moon,Lacus Perseverantiae,"Lacus, lacūs",70.64,7.8400,61.9300,8.7100,7.3200,62.8500,60.7200,"Planetographic, +East, -180 - 180"
Moon,Lacus Solitudinis,"Lacus, lacūs",122.67,-27.5200,103.8800,-25.4700,-28.5800,104.6500,102.1200,"Planetographic, +East, -180 - 180"
Moon,Lacus Somniorum,"Lacus, lacūs",424.76,37.5600,30.8000,41.5000,33.2200,39.1500,22.0400,"Planetographic, +East, -180 - 180"
Moon,Lacus Spei,"Lacus, lacūs",76.67,43.4600,65.2000,44.5600,42.5100,66.9400,63.6900,"Planetographic, +East, -180 - 180"
Moon,Lacus Temporis,"Lacus, lacūs",205.30,46.7700,56.2100,49.3600,43.8100,60.5600,52.1300,"Planetographic, +East, -180 - 180"
Moon,Lacus Tenebrarum,"Lacus, lacūs",85.00,-86.7100,-87.6700,-85.1100,-87.4000,-64.0000,-117.7300,"Planetographic, +East, -180 - 180"
Moon,Lacus Timoris,"Lacus, lacūs",153.65,-39.4200,-27.9500,-38.2900,-41.1900,-25.2500,-31.0700,"Planetographic, +East, -180 - 180"
Moon,Lacus Veris,"Lacus, lacūs",382.88,-16.4800,-85.9100,-10.6900,-22.2800,-83.2000,-88.2000,"Planetographic, +East, -180 - 180"
Moon,Mare Anguis,"Mare, maria",145.99,22.4300,67.5800,24.7400,20.1500,69.9500,65.7000,"Planetographic, +East, -180 - 180"
Moon,Mare Australe,"Mare, maria",996.84,-47.7700,91.9900,-31.8400,-64.2000,113.3600,70.4300,"Planetographic, +East, -180 - 180"
Moon,Mare Cognitum,"Mare, maria",350.01,-10.5300,-22.3100,-5.9000,-13.9200,-16.4500,-28.1000,"Planetographic, +East, -180 - 180"
Moon,Mare Crisium,"Mare, maria",555.92,16.1800,59.1000,24.5300,9.6900,68.5300,49.5100,"Planetographic, +East, -180 - 180"
Moon,Mare Fecunditatis,"Mare, maria",840.35,-7.8300,53.6700,6.1100,-21.7000,63.3400,40.7700,"Planetographic, +East, -180 - 180"
Moon,Mare Frigoris,"Mare, maria",1446.41,57.5900,-0.0100,64.3800,49.0800,38.0300,-43.1400,"Planetographic, +East, -180 - 180"
Moon,Mare Humboldtianum,"Mare, maria",230.78,56.9200,81.5400,60.0200,53.6500,88.4900,74.7500,"Planetographic, +East, -180 - 180"
Moon,Mare Humorum,"Mare, maria",419.67,-24.4800,-38.5700,-18.4400,-31.0600,-30.6100,-45.8300,"Planetographic, +East, -180 - 180"
Moon,Mare Imbrium,"Mare, maria",1145.53,34.7200,-14.9100,51.4600,15.2300,8.5600,-38.3600,"Planetographic, +East, -180 - 180"
Moon,Mare Ingenii,"Mare, maria",282.20,-33.2500,164.8300,-28.5400,-37.4200,169.8500,158.5500,"Planetographic, +East, -180 - 180"
Moon,Mare Insularum,"Mare, maria",511.93,7.7900,-30.6400,16.3500,-0.6000,-22.1500,-39.2000,"Planetographic, +East, -180 - 180"
Moon,Mare Marginis,"Mare, maria",357.63,12.7000,86.5200,18.5900,9.8100,93.3500,81.1500,"Planetographic, +East, -180 - 180"
Moon,Mare Moscoviense,"Mare, maria",275.57,27.2800,148.1200,31.5000,22.9500,153.2600,143.4100,"Planetographic, +East, -180 - 180"
Moon,Mare Nectaris,"Mare, maria",339.39,-15.1900,34.6000,-9.9000,-21.0600,39.6800,28.7500,"Planetographic, +East, -180 - 180"
Moon,Mare Nubium,"Mare, maria",714.50,-20.5900,-17.2900,-11.8500,-30.4800,-5.4500,-29.2700,"Planetographic, +East, -180 - 180"
Moon,Mare Orientale,"Mare, maria",294.16,-19.8700,-94.6700,-15.2300,-24.3900,-89.7400,-99.9600,"Planetographic, +East, -180 - 180"
Moon,Mare Serenitatis,"Mare, maria",674.28,27.2900,18.3600,37.8100,16.1300,29.9200,6.5900,"Planetographic, +East, -180 - 180"
Moon,Mare Smythii,"Mare, maria",373.97,-1.7100,87.0500,4.5000,-7.4600,92.7200,80.9400,"Planetographic, +East, -180 - 180"
Moon,Mare Spumans,"Mare, maria",143.13,1.3000,65.3000,3.7200,-1.0600,66.7300,63.6100,"Planetographic, +East, -180 - 180"
Moon,Mare Tranquillitatis,"Mare, maria",875.75,8.3500,30.8300,19.3700,-4.0500,45.4900,16.9200,"Planetographic, +East, -180 - 180"
Moon,Mare Undarum,"Mare, maria",244.84,7.4900,68.6600,10.2400,3.6100,72.4900,65.2400,"Planetographic, +East, -180 - 180"
Moon,Mare Vaporum,"Mare, maria",242.46,13.2000,4.0900,16.9100,9.3900,8.7300,-0.4100,"Planetographic, +East, -180 - 180"
Moon,Oceanus Procellarum,"Oceanus, oceani",2592.24,20.6700,-56.6800,57.4300,-16.2700,-26.8500,-81.0800,"Planetographic, +East, -180 - 180"
Moon,Palus Epidemiarum,"Palus, paludes",300.38,-32.0000,-27.5400,-28.8800,-36.4700,-21.7200,-33.4300,"Planetographic, +East, -180 - 180"
Moon,Palus Putredinis,"Palus, paludes",180.45,27.3600,0.0000,29.4000,25.3100,2.8500,-2.7700,"Planetographic, +East, -180 - 180"
Moon,Palus Somni,"Palus, paludes",163.45,13.6900,44.7200,15.3800,12.0300,46.9300,41.8200,"Planetographic, +East, -180 - 180"
Moon,Sinus Aestuum,"Sinus, sinūs",316.50,12.1000,-8.3400,15.7100,7.6000,-4.2600,-11.9600,"Planetographic, +East, -180 - 180"
Moon,Sinus Amoris,"Sinus, sinūs",189.10,19.9200,37.2900,22.9200,16.8900,41.5100,35.4200,"Planetographic, +East, -180 - 180"
Moon,Sinus Asperitatis,"Sinus, sinūs",219.14,-5.4100,27.4900,-2.2800,-8.9500,30.7700,23.5500,"Planetographic, +East, -180 - 180"
Moon,Sinus Concordiae,"Sinus, sinūs",159.03,10.9800,42.4700,12.4900,9.9000,45.5800,40.4700,"Planetographic, +East, -180 - 180"
Moon,Sinus Fidei,"Sinus, sinūs",70.70,17.9900,2.0400,19.3200,17.1000,3.0000,1.2800,"Planetographic, +East, -180 - 180"
Moon,Sinus Honoris,"Sinus, sinūs",111.61,11.7200,17.8700,13.2600,9.9200,19.2600,15.4900,"Planetographic, +East, -180 - 180"
Moon,Sinus Iridum,"Sinus, sinūs",249.29,45.0100,-31.6700,48.0100,40.5300,-25.8200,-36.3800,"Planetographic, +East, -180 - 180"
Moon,Sinus Lunicus,"Sinus, sinūs",119.18,32.3600,-1.8500,33.8500,30.9900,0.4000,-4.1800,"Planetographic, +East, -180 - 180"
Moon,Sinus Medii,"Sinus, sinūs",286.67,1.6300,1.0300,4.6400,-2.0500,5.5500,-3.3700,"Planetographic, +East, -180 - 180"
Moon,Sinus Roris,"Sinus, sinūs",195.04,50.2600,-50.8600,52.4700,47.6100,-46.5400,-56.5900,"Planetographic, +East, -180 - 180"
Moon,Sinus Successus,"Sinus, sinūs",126.65,1.1200,58.5200,2.8700,-0.8600,60.1900,56.5200,"Planetographic, +East, -180 - 180"
Moon,Sinus Viscositatis,"Sinus, sinūs",68.00,35.2500,-40.9900,36.2400,34.2600,-39.6200,-42.3600,"Planetographic, +East, -180 - 180"
